id,email,birth_date,birth_date_year,sex,province,location,distance,steps,time
1,seoyeonsong@daum.net,1964-11-23,1964,남자,서울특별시,경기도 수원시 권선구 권선동,2559,3656,2023-05-31-00:00
1,seoyeonsong@daum.net,1964-11-23,1964,남자,서울특별시,경기도 수원시 권선구 권선동,2545,3635,2023-05-31-00:30
1,seoyeonsong@daum.net,1964-11-23,1964,남자,서울특별시,경기도 수원시 권선구 권선동,715,1021,2023-05-31-01:00
1,seoyeonsong@daum.net,1964-11-23,1964,남자,서울특별시,경기도 수원시 권선구 권선동,555,793,2023-05-31-01:30
1,seoyeonsong@daum.net,1964-11-23,1964,남자,서울특별시,경기도 수원시 권선구 권선동,1495,2135,2023-05-31-02:00
1,seoyeonsong@daum.net,1964-11-23,1964,남자,서울특별시,경기도 수원시 권선구 권선동,788,1125,2023-05-31-02:30
1,seoyeonsong@daum.net,1964-11-23,1964,남자,서울특별시,경기도 수원시 권선구 권선동,2079,2970,2023-05-31-03:00
1,seoyeonsong@daum.net,1964-11-23,1964,남자,서울특별시,경기도 수원시 권선구 권선동,2429,3470,2023-05-31-03:30
1,seoyeonsong@daum.net,1964-11-23,1964,남자,서울특별시,경기도 수원시 권선구 권선동,1405,2007,2023-05-31-04:00
1,seoyeonsong@daum.net,1964-11-23,1964,남자,서울특별시,경기도 수원시 권선구 권선동,814,1163,2023-05-31-04:30
1,seoyeonsong@daum.net,1964-11-23,1964,남자,서울특별시,경기도 수원시 권선구 권선동,2720,3885,2023-05-31-05:00
1,seoyeonsong@daum.net,1964-11-23,1964,남자,서울특별시,경기도 수원시 권선구 권선동,2436,3480,2023-05-31-05:30
1,seoyeonsong@daum.net,1964-11-23,1964,남자,서울특별시,경기도 수원시 권선구 권선동,1981,2830,2023-05-31-06:00
1,seoyeonsong@daum.net,1964-11-23,1964,남자,서울특별시,경기도 수원시 권선구 권선동,939,1341,2023-05-31-06:30
1,seoyeonsong@daum.net,1964-11-23,1964,남자,서울특별시,경기도 수원시 권선구 권선동,1748,2497,2023-05-31-07:00
1,seoyeonsong@daum.net,1964-11-23,1964,남자,서울특별시,경기도 수원시 권선구 권선동,1749,2499,2023-05-31-07:30
1,seoyeonsong@daum.net,1964-11-23,1964,남자,서울특별시,경기도 수원시 권선구 권선동,1228,1754,2023-05-31-08:00
1,seoyeonsong@daum.net,1964-11-23,1964,남자,서울특별시,경기도 수원시 권선구 권선동,795,1135,2023-05-31-08:30
1,seoyeonsong@daum.net,1964-11-23,1964,남자,서울특별시,경기도 수원시 권선구 권선동,785,1122,2023-05-31-09:00
1,seoyeonsong@daum.net,1964-11-23,1964,남자,서울특별시,경기도 수원시 권선구 권선동,1032,1474,2023-05-31-09:30
1,seoyeonsong@daum.net,1964-11-23,1964,남자,서울특별시,경기도 수원시 권선구 권선동,1145,1635,2023-05-31-10:00
1,seoyeonsong@daum.net,1964-11-23,1964,남자,서울특별시,경기도 수원시 권선구 권선동,1452,2074,2023-05-31-10:30
1,seoyeonsong@daum.net,1964-11-23,1964,남자,서울특별시,경기도 수원시 권선구 권선동,719,1027,2023-05-31-11:00
1,seoyeonsong@daum.net,1964-11-23,1964,남자,서울특별시,경기도 수원시 권선구 권선동,2672,3817,2023-05-31-11:30
1,seoyeonsong@daum.net,1964-11-23,1964,남자,서울특별시,경기도 수원시 권선구 권선동,615,878,2023-05-31-12:00
1,seoyeonsong@daum.net,1964-11-23,1964,남자,서울특별시,경기도 수원시 권선구 권선동,795,1135,2023-05-31-12:30
1,seoyeonsong@daum.net,1964-11-23,1964,남자,서울특별시,경기도 수원시 권선구 권선동,1938,2769,2023-05-31-13:00
1,seoyeonsong@daum.net,1964-11-23,1964,남자,서울특별시,경기도 수원시 권선구 권선동,2174,3106,2023-05-31-13:30
1,seoyeonsong@daum.net,1964-11-23,1964,남자,서울특별시,경기도 수원시 권선구 권선동,1013,1447,2023-05-31-14:00
1,seoyeonsong@daum.net,1964-11-23,1964,남자,서울특별시,경기도 수원시 권선구 권선동,1060,1514,2023-05-31-14:30
1,seoyeonsong@daum.net,1964-11-23,1964,남자,서울특별시,경기도 수원시 권선구 권선동,2062,2946,2023-05-31-15:00
1,seoyeonsong@daum.net,1964-11-23,1964,남자,서울특별시,경기도 수원시 권선구 권선동,1898,2711,2023-05-31-15:30
1,seoyeonsong@daum.net,1964-11-23,1964,남자,서울특별시,경기도 수원시 권선구 권선동,1453,2076,2023-05-31-16:00
1,seoyeonsong@daum.net,1964-11-23,1964,남자,서울특별시,경기도 수원시 권선구 권선동,2664,3806,2023-05-31-16:30
1,seoyeonsong@daum.net,1964-11-23,1964,남자,서울특별시,경기도 수원시 권선구 권선동,1972,2817,2023-05-31-17:00
1,seoyeonsong@daum.net,1964-11-23,1964,남자,서울특별시,경기도 수원시 권선구 권선동,2049,2927,2023-05-31-17:30
1,seoyeonsong@daum.net,1964-11-23,1964,남자,서울특별시,경기도 수원시 권선구 권선동,671,958,2023-05-31-18:00
1,seoyeonsong@daum.net,1964-11-23,1964,남자,서울특별시,경기도 수원시 권선구 권선동,1248,1783,2023-05-31-18:30
1,seoyeonsong@daum.net,1964-11-23,1964,남자,서울특별시,경기도 수원시 권선구 권선동,2405,3435,2023-05-31-19:00
1,seoyeonsong@daum.net,1964-11-23,1964,남자,서울특별시,경기도 수원시 권선구 권선동,1390,1986,2023-05-31-19:30
1,seoyeonsong@daum.net,1964-11-23,1964,남자,서울특별시,경기도 수원시 권선구 권선동,1890,2700,2023-05-31-20:00
1,seoyeonsong@daum.net,1964-11-23,1964,남자,서울특별시,경기도 수원시 권선구 권선동,1444,2063,2023-05-31-20:30
1,seoyeonsong@daum.net,1964-11-23,1964,남자,서울특별시,경기도 수원시 권선구 권선동,2449,3498,2023-05-31-21:00
1,seoyeonsong@daum.net,1964-11-23,1964,남자,서울특별시,경기도 수원시 권선구 권선동,1957,2796,2023-05-31-21:30
1,seoyeonsong@daum.net,1964-11-23,1964,남자,서울특별시,경기도 수원시 권선구 권선동,807,1153,2023-05-31-22:00
1,seoyeonsong@daum.net,1964-11-23,1964,남자,서울특별시,경기도 수원시 권선구 권선동,2787,3982,2023-05-31-22:30
1,seoyeonsong@daum.net,1964-11-23,1964,남자,서울특별시,경기도 수원시 권선구 권선동,2465,3522,2023-05-31-23:00
1,seoyeonsong@daum.net,1964-11-23,1964,남자,서울특별시,경기도 수원시 권선구 권선동,700,1000,2023-05-31-23:30
2,sanghun77@live.com,1974-02-19,1974,여자,전라남도,강원도 춘천시 석사동,2559,3656,2023-05-31-00:00
2,sanghun77@live.com,1974-02-19,1974,여자,전라남도,강원도 춘천시 석사동,2545,3635,2023-05-31-00:30
2,sanghun77@live.com,1974-02-19,1974,여자,전라남도,강원도 춘천시 석사동,715,1021,2023-05-31-01:00
2,sanghun77@live.com,1974-02-19,1974,여자,전라남도,강원도 춘천시 석사동,555,793,2023-05-31-01:30
2,sanghun77@live.com,1974-02-19,1974,여자,전라남도,강원도 춘천시 석사동,1495,2135,2023-05-31-02:00
2,sanghun77@live.com,1974-02-19,1974,여자,전라남도,강원도 춘천시 석사동,788,1125,2023-05-31-02:30
2,sanghun77@live.com,1974-02-19,1974,여자,전라남도,강원도 춘천시 석사동,2079,2970,2023-05-31-03:00
2,sanghun77@live.com,1974-02-19,1974,여자,전라남도,강원도 춘천시 석사동,2429,3470,2023-05-31-03:30
2,sanghun77@live.com,1974-02-19,1974,여자,전라남도,강원도 춘천시 석사동,1405,2007,2023-05-31-04:00
2,sanghun77@live.com,1974-02-19,1974,여자,전라남도,강원도 춘천시 석사동,814,1163,2023-05-31-04:30
2,sanghun77@live.com,1974-02-19,1974,여자,전라남도,강원도 춘천시 석사동,2720,3885,2023-05-31-05:00
2,sanghun77@live.com,1974-02-19,1974,여자,전라남도,강원도 춘천시 석사동,2436,3480,2023-05-31-05:30
2,sanghun77@live.com,1974-02-19,1974,여자,전라남도,강원도 춘천시 석사동,1981,2830,2023-05-31-06:00
2,sanghun77@live.com,1974-02-19,1974,여자,전라남도,강원도 춘천시 석사동,939,1341,2023-05-31-06:30
2,sanghun77@live.com,1974-02-19,1974,여자,전라남도,강원도 춘천시 석사동,1748,2497,2023-05-31-07:00
2,sanghun77@live.com,1974-02-19,1974,여자,전라남도,강원도 춘천시 석사동,1749,2499,2023-05-31-07:30
2,sanghun77@live.com,1974-02-19,1974,여자,전라남도,강원도 춘천시 석사동,1228,1754,2023-05-31-08:00
2,sanghun77@live.com,1974-02-19,1974,여자,전라남도,강원도 춘천시 석사동,795,1135,2023-05-31-08:30
2,sanghun77@live.com,1974-02-19,1974,여자,전라남도,강원도 춘천시 석사동,785,1122,2023-05-31-09:00
2,sanghun77@live.com,1974-02-19,1974,여자,전라남도,강원도 춘천시 석사동,1032,1474,2023-05-31-09:30
2,sanghun77@live.com,1974-02-19,1974,여자,전라남도,강원도 춘천시 석사동,1145,1635,2023-05-31-10:00
2,sanghun77@live.com,1974-02-19,1974,여자,전라남도,강원도 춘천시 석사동,1452,2074,2023-05-31-10:30
2,sanghun77@live.com,1974-02-19,1974,여자,전라남도,강원도 춘천시 석사동,719,1027,2023-05-31-11:00
2,sanghun77@live.com,1974-02-19,1974,여자,전라남도,강원도 춘천시 석사동,2672,3817,2023-05-31-11:30
2,sanghun77@live.com,1974-02-19,1974,여자,전라남도,강원도 춘천시 석사동,615,878,2023-05-31-12:00
2,sanghun77@live.com,1974-02-19,1974,여자,전라남도,강원도 춘천시 석사동,795,1135,2023-05-31-12:30
2,sanghun77@live.com,1974-02-19,1974,여자,전라남도,강원도 춘천시 석사동,1938,2769,2023-05-31-13:00
2,sanghun77@live.com,1974-02-19,1974,여자,전라남도,강원도 춘천시 석사동,2174,3106,2023-05-31-13:30
2,sanghun77@live.com,1974-02-19,1974,여자,전라남도,강원도 춘천시 석사동,1013,1447,2023-05-31-14:00
2,sanghun77@live.com,1974-02-19,1974,여자,전라남도,강원도 춘천시 석사동,1060,1514,2023-05-31-14:30
2,sanghun77@live.com,1974-02-19,1974,여자,전라남도,강원도 춘천시 석사동,2062,2946,2023-05-31-15:00
2,sanghun77@live.com,1974-02-19,1974,여자,전라남도,강원도 춘천시 석사동,1898,2711,2023-05-31-15:30
2,sanghun77@live.com,1974-02-19,1974,여자,전라남도,강원도 춘천시 석사동,1453,2076,2023-05-31-16:00
2,sanghun77@live.com,1974-02-19,1974,여자,전라남도,강원도 춘천시 석사동,2664,3806,2023-05-31-16:30
2,sanghun77@live.com,1974-02-19,1974,여자,전라남도,강원도 춘천시 석사동,1972,2817,2023-05-31-17:00
2,sanghun77@live.com,1974-02-19,1974,여자,전라남도,강원도 춘천시 석사동,2049,2927,2023-05-31-17:30
2,sanghun77@live.com,1974-02-19,1974,여자,전라남도,강원도 춘천시 석사동,671,958,2023-05-31-18:00
2,sanghun77@live.com,1974-02-19,1974,여자,전라남도,강원도 춘천시 석사동,1248,1783,2023-05-31-18:30
2,sanghun77@live.com,1974-02-19,1974,여자,전라남도,강원도 춘천시 석사동,2405,3435,2023-05-31-19:00
2,sanghun77@live.com,1974-02-19,1974,여자,전라남도,강원도 춘천시 석사동,1390,1986,2023-05-31-19:30
2,sanghun77@live.com,1974-02-19,1974,여자,전라남도,강원도 춘천시 석사동,1890,2700,2023-05-31-20:00
2,sanghun77@live.com,1974-02-19,1974,여자,전라남도,강원도 춘천시 석사동,1444,2063,2023-05-31-20:30
2,sanghun77@live.com,1974-02-19,1974,여자,전라남도,강원도 춘천시 석사동,2449,3498,2023-05-31-21:00
2,sanghun77@live.com,1974-02-19,1974,여자,전라남도,강원도 춘천시 석사동,1957,2796,2023-05-31-21:30
2,sanghun77@live.com,1974-02-19,1974,여자,전라남도,강원도 춘천시 석사동,807,1153,2023-05-31-22:00
2,sanghun77@live.com,1974-02-19,1974,여자,전라남도,강원도 춘천시 석사동,2787,3982,2023-05-31-22:30
2,sanghun77@live.com,1974-02-19,1974,여자,전라남도,강원도 춘천시 석사동,2465,3522,2023-05-31-23:00
2,sanghun77@live.com,1974-02-19,1974,여자,전라남도,강원도 춘천시 석사동,700,1000,2023-05-31-23:30
3,sangceolgim@live.com,1970-06-25,1970,남자,제주도,전라남도 목포시 상동,2559,3656,2023-05-31-00:00
3,sangceolgim@live.com,1970-06-25,1970,남자,제주도,전라남도 목포시 상동,2545,3635,2023-05-31-00:30
3,sangceolgim@live.com,1970-06-25,1970,남자,제주도,전라남도 목포시 상동,715,1021,2023-05-31-01:00
3,sangceolgim@live.com,1970-06-25,1970,남자,제주도,전라남도 목포시 상동,555,793,2023-05-31-01:30
3,sangceolgim@live.com,1970-06-25,1970,남자,제주도,전라남도 목포시 상동,1495,2135,2023-05-31-02:00
3,sangceolgim@live.com,1970-06-25,1970,남자,제주도,전라남도 목포시 상동,788,1125,2023-05-31-02:30
3,sangceolgim@live.com,1970-06-25,1970,남자,제주도,전라남도 목포시 상동,2079,2970,2023-05-31-03:00
3,sangceolgim@live.com,1970-06-25,1970,남자,제주도,전라남도 목포시 상동,2429,3470,2023-05-31-03:30
3,sangceolgim@live.com,1970-06-25,1970,남자,제주도,전라남도 목포시 상동,1405,2007,2023-05-31-04:00
3,sangceolgim@live.com,1970-06-25,1970,남자,제주도,전라남도 목포시 상동,814,1163,2023-05-31-04:30
3,sangceolgim@live.com,1970-06-25,1970,남자,제주도,전라남도 목포시 상동,2720,3885,2023-05-31-05:00
3,sangceolgim@live.com,1970-06-25,1970,남자,제주도,전라남도 목포시 상동,2436,3480,2023-05-31-05:30
3,sangceolgim@live.com,1970-06-25,1970,남자,제주도,전라남도 목포시 상동,1981,2830,2023-05-31-06:00
3,sangceolgim@live.com,1970-06-25,1970,남자,제주도,전라남도 목포시 상동,939,1341,2023-05-31-06:30
3,sangceolgim@live.com,1970-06-25,1970,남자,제주도,전라남도 목포시 상동,1748,2497,2023-05-31-07:00
3,sangceolgim@live.com,1970-06-25,1970,남자,제주도,전라남도 목포시 상동,1749,2499,2023-05-31-07:30
3,sangceolgim@live.com,1970-06-25,1970,남자,제주도,전라남도 목포시 상동,1228,1754,2023-05-31-08:00
3,sangceolgim@live.com,1970-06-25,1970,남자,제주도,전라남도 목포시 상동,795,1135,2023-05-31-08:30
3,sangceolgim@live.com,1970-06-25,1970,남자,제주도,전라남도 목포시 상동,785,1122,2023-05-31-09:00
3,sangceolgim@live.com,1970-06-25,1970,남자,제주도,전라남도 목포시 상동,1032,1474,2023-05-31-09:30
3,sangceolgim@live.com,1970-06-25,1970,남자,제주도,전라남도 목포시 상동,1145,1635,2023-05-31-10:00
3,sangceolgim@live.com,1970-06-25,1970,남자,제주도,전라남도 목포시 상동,1452,2074,2023-05-31-10:30
3,sangceolgim@live.com,1970-06-25,1970,남자,제주도,전라남도 목포시 상동,719,1027,2023-05-31-11:00
3,sangceolgim@live.com,1970-06-25,1970,남자,제주도,전라남도 목포시 상동,2672,3817,2023-05-31-11:30
3,sangceolgim@live.com,1970-06-25,1970,남자,제주도,전라남도 목포시 상동,615,878,2023-05-31-12:00
3,sangceolgim@live.com,1970-06-25,1970,남자,제주도,전라남도 목포시 상동,795,1135,2023-05-31-12:30
3,sangceolgim@live.com,1970-06-25,1970,남자,제주도,전라남도 목포시 상동,1938,2769,2023-05-31-13:00
3,sangceolgim@live.com,1970-06-25,1970,남자,제주도,전라남도 목포시 상동,2174,3106,2023-05-31-13:30
3,sangceolgim@live.com,1970-06-25,1970,남자,제주도,전라남도 목포시 상동,1013,1447,2023-05-31-14:00
3,sangceolgim@live.com,1970-06-25,1970,남자,제주도,전라남도 목포시 상동,1060,1514,2023-05-31-14:30
3,sangceolgim@live.com,1970-06-25,1970,남자,제주도,전라남도 목포시 상동,2062,2946,2023-05-31-15:00
3,sangceolgim@live.com,1970-06-25,1970,남자,제주도,전라남도 목포시 상동,1898,2711,2023-05-31-15:30
3,sangceolgim@live.com,1970-06-25,1970,남자,제주도,전라남도 목포시 상동,1453,2076,2023-05-31-16:00
3,sangceolgim@live.com,1970-06-25,1970,남자,제주도,전라남도 목포시 상동,2664,3806,2023-05-31-16:30
3,sangceolgim@live.com,1970-06-25,1970,남자,제주도,전라남도 목포시 상동,1972,2817,2023-05-31-17:00
3,sangceolgim@live.com,1970-06-25,1970,남자,제주도,전라남도 목포시 상동,2049,2927,2023-05-31-17:30
3,sangceolgim@live.com,1970-06-25,1970,남자,제주도,전라남도 목포시 상동,671,958,2023-05-31-18:00
3,sangceolgim@live.com,1970-06-25,1970,남자,제주도,전라남도 목포시 상동,1248,1783,2023-05-31-18:30
3,sangceolgim@live.com,1970-06-25,1970,남자,제주도,전라남도 목포시 상동,2405,3435,2023-05-31-19:00
3,sangceolgim@live.com,1970-06-25,1970,남자,제주도,전라남도 목포시 상동,1390,1986,2023-05-31-19:30
3,sangceolgim@live.com,1970-06-25,1970,남자,제주도,전라남도 목포시 상동,1890,2700,2023-05-31-20:00
3,sangceolgim@live.com,1970-06-25,1970,남자,제주도,전라남도 목포시 상동,1444,2063,2023-05-31-20:30
3,sangceolgim@live.com,1970-06-25,1970,남자,제주도,전라남도 목포시 상동,2449,3498,2023-05-31-21:00
3,sangceolgim@live.com,1970-06-25,1970,남자,제주도,전라남도 목포시 상동,1957,2796,2023-05-31-21:30
3,sangceolgim@live.com,1970-06-25,1970,남자,제주도,전라남도 목포시 상동,807,1153,2023-05-31-22:00
3,sangceolgim@live.com,1970-06-25,1970,남자,제주도,전라남도 목포시 상동,2787,3982,2023-05-31-22:30
3,sangceolgim@live.com,1970-06-25,1970,남자,제주도,전라남도 목포시 상동,2465,3522,2023-05-31-23:00
3,sangceolgim@live.com,1970-06-25,1970,남자,제주도,전라남도 목포시 상동,700,1000,2023-05-31-23:30
4,xjo@gmail.com,1977-03-26,1977,남자,충청북도,경상북도 포항시 북구 우현동,3387,4838,2023-05-31-00:00
4,xjo@gmail.com,1977-03-26,1977,남자,충청북도,경상북도 포항시 북구 우현동,2993,4275,2023-05-31-00:30
4,xjo@gmail.com,1977-03-26,1977,남자,충청북도,경상북도 포항시 북구 우현동,1719,2456,2023-05-31-01:00
4,xjo@gmail.com,1977-03-26,1977,남자,충청북도,경상북도 포항시 북구 우현동,1698,2425,2023-05-31-01:30
4,xjo@gmail.com,1977-03-26,1977,남자,충청북도,경상북도 포항시 북구 우현동,1770,2529,2023-05-31-02:00
4,xjo@gmail.com,1977-03-26,1977,남자,충청북도,경상북도 포항시 북구 우현동,742,1060,2023-05-31-02:30
4,xjo@gmail.com,1977-03-26,1977,남자,충청북도,경상북도 포항시 북구 우현동,1958,2797,2023-05-31-03:00
4,xjo@gmail.com,1977-03-26,1977,남자,충청북도,경상북도 포항시 북구 우현동,3363,4804,2023-05-31-03:30
4,xjo@gmail.com,1977-03-26,1977,남자,충청북도,경상북도 포항시 북구 우현동,2307,3296,2023-05-31-04:00
4,xjo@gmail.com,1977-03-26,1977,남자,충청북도,경상북도 포항시 북구 우현동,1854,2648,2023-05-31-04:30
4,xjo@gmail.com,1977-03-26,1977,남자,충청북도,경상북도 포항시 북구 우현동,1444,2063,2023-05-31-05:00
4,xjo@gmail.com,1977-03-26,1977,남자,충청북도,경상북도 포항시 북구 우현동,885,1264,2023-05-31-05:30
4,xjo@gmail.com,1977-03-26,1977,남자,충청북도,경상북도 포항시 북구 우현동,3492,4988,2023-05-31-06:00
4,xjo@gmail.com,1977-03-26,1977,남자,충청북도,경상북도 포항시 북구 우현동,1524,2177,2023-05-31-06:30
4,xjo@gmail.com,1977-03-26,1977,남자,충청북도,경상북도 포항시 북구 우현동,1448,2068,2023-05-31-07:00
4,xjo@gmail.com,1977-03-26,1977,남자,충청북도,경상북도 포항시 북구 우현동,1364,1949,2023-05-31-07:30
4,xjo@gmail.com,1977-03-26,1977,남자,충청북도,경상북도 포항시 북구 우현동,1958,2797,2023-05-31-08:00
4,xjo@gmail.com,1977-03-26,1977,남자,충청북도,경상북도 포항시 북구 우현동,1130,1614,2023-05-31-08:30
4,xjo@gmail.com,1977-03-26,1977,남자,충청북도,경상북도 포항시 북구 우현동,1603,2290,2023-05-31-09:00
4,xjo@gmail.com,1977-03-26,1977,남자,충청북도,경상북도 포항시 북구 우현동,1702,2432,2023-05-31-09:30
4,xjo@gmail.com,1977-03-26,1977,남자,충청북도,경상북도 포항시 북구 우현동,1897,2710,2023-05-31-10:00
4,xjo@gmail.com,1977-03-26,1977,남자,충청북도,경상북도 포항시 북구 우현동,3135,4478,2023-05-31-10:30
4,xjo@gmail.com,1977-03-26,1977,남자,충청북도,경상북도 포항시 북구 우현동,914,1305,2023-05-31-11:00
4,xjo@gmail.com,1977-03-26,1977,남자,충청북도,경상북도 포항시 북구 우현동,2310,3300,2023-05-31-11:30
4,xjo@gmail.com,1977-03-26,1977,남자,충청북도,경상북도 포항시 북구 우현동,884,1263,2023-05-31-12:00
4,xjo@gmail.com,1977-03-26,1977,남자,충청북도,경상북도 포항시 북구 우현동,1391,1987,2023-05-31-12:30
4,xjo@gmail.com,1977-03-26,1977,남자,충청북도,경상북도 포항시 북구 우현동,1897,2710,2023-05-31-13:00
4,xjo@gmail.com,1977-03-26,1977,남자,충청북도,경상북도 포항시 북구 우현동,777,1110,2023-05-31-13:30
4,xjo@gmail.com,1977-03-26,1977,남자,충청북도,경상북도 포항시 북구 우현동,3253,4647,2023-05-31-14:00
4,xjo@gmail.com,1977-03-26,1977,남자,충청북도,경상북도 포항시 북구 우현동,2857,4081,2023-05-31-14:30
4,xjo@gmail.com,1977-03-26,1977,남자,충청북도,경상북도 포항시 북구 우현동,3233,4618,2023-05-31-15:00
4,xjo@gmail.com,1977-03-26,1977,남자,충청북도,경상북도 포항시 북구 우현동,1797,2567,2023-05-31-15:30
4,xjo@gmail.com,1977-03-26,1977,남자,충청북도,경상북도 포항시 북구 우현동,3104,4434,2023-05-31-16:00
4,xjo@gmail.com,1977-03-26,1977,남자,충청북도,경상북도 포항시 북구 우현동,411,587,2023-05-31-16:30
4,xjo@gmail.com,1977-03-26,1977,남자,충청북도,경상북도 포항시 북구 우현동,3120,4457,2023-05-31-17:00
4,xjo@gmail.com,1977-03-26,1977,남자,충청북도,경상북도 포항시 북구 우현동,676,965,2023-05-31-17:30
4,xjo@gmail.com,1977-03-26,1977,남자,충청북도,경상북도 포항시 북구 우현동,1907,2724,2023-05-31-18:00
4,xjo@gmail.com,1977-03-26,1977,남자,충청북도,경상북도 포항시 북구 우현동,1922,2745,2023-05-31-18:30
4,xjo@gmail.com,1977-03-26,1977,남자,충청북도,경상북도 포항시 북구 우현동,1451,2073,2023-05-31-19:00
4,xjo@gmail.com,1977-03-26,1977,남자,충청북도,경상북도 포항시 북구 우현동,1921,2744,2023-05-31-19:30
4,xjo@gmail.com,1977-03-26,1977,남자,충청북도,경상북도 포항시 북구 우현동,540,772,2023-05-31-20:00
4,xjo@gmail.com,1977-03-26,1977,남자,충청북도,경상북도 포항시 북구 우현동,2650,3785,2023-05-31-20:30
4,xjo@gmail.com,1977-03-26,1977,남자,충청북도,경상북도 포항시 북구 우현동,2941,4202,2023-05-31-21:00
4,xjo@gmail.com,1977-03-26,1977,남자,충청북도,경상북도 포항시 북구 우현동,2944,4205,2023-05-31-21:30
4,xjo@gmail.com,1977-03-26,1977,남자,충청북도,경상북도 포항시 북구 우현동,1922,2745,2023-05-31-22:00
4,xjo@gmail.com,1977-03-26,1977,남자,충청북도,경상북도 포항시 북구 우현동,3452,4932,2023-05-31-22:30
4,xjo@gmail.com,1977-03-26,1977,남자,충청북도,경상북도 포항시 북구 우현동,741,1059,2023-05-31-23:00
4,xjo@gmail.com,1977-03-26,1977,남자,충청북도,경상북도 포항시 북구 우현동,1524,2177,2023-05-31-23:30
5,zi@hanmail.net,1996-09-22,1996,남자,전라남도,충청북도 충주시 문화동,1727,2467,2023-05-31-00:00
5,zi@hanmail.net,1996-09-22,1996,남자,전라남도,충청북도 충주시 문화동,557,795,2023-05-31-00:30
5,zi@hanmail.net,1996-09-22,1996,남자,전라남도,충청북도 충주시 문화동,1957,2795,2023-05-31-01:00
5,zi@hanmail.net,1996-09-22,1996,남자,전라남도,충청북도 충주시 문화동,2481,3544,2023-05-31-01:30
5,zi@hanmail.net,1996-09-22,1996,남자,전라남도,충청북도 충주시 문화동,2018,2883,2023-05-31-02:00
5,zi@hanmail.net,1996-09-22,1996,남자,전라남도,충청북도 충주시 문화동,760,1085,2023-05-31-02:30
5,zi@hanmail.net,1996-09-22,1996,남자,전라남도,충청북도 충주시 문화동,1617,2310,2023-05-31-03:00
5,zi@hanmail.net,1996-09-22,1996,남자,전라남도,충청북도 충주시 문화동,1667,2382,2023-05-31-03:30
5,zi@hanmail.net,1996-09-22,1996,남자,전라남도,충청북도 충주시 문화동,3478,4969,2023-05-31-04:00
5,zi@hanmail.net,1996-09-22,1996,남자,전라남도,충청북도 충주시 문화동,3342,4774,2023-05-31-04:30
5,zi@hanmail.net,1996-09-22,1996,남자,전라남도,충청북도 충주시 문화동,1799,2570,2023-05-31-05:00
5,zi@hanmail.net,1996-09-22,1996,남자,전라남도,충청북도 충주시 문화동,1255,1793,2023-05-31-05:30
5,zi@hanmail.net,1996-09-22,1996,남자,전라남도,충청북도 충주시 문화동,1524,2177,2023-05-31-06:00
5,zi@hanmail.net,1996-09-22,1996,남자,전라남도,충청북도 충주시 문화동,1132,1617,2023-05-31-06:30
5,zi@hanmail.net,1996-09-22,1996,남자,전라남도,충청북도 충주시 문화동,1246,1780,2023-05-31-07:00
5,zi@hanmail.net,1996-09-22,1996,남자,전라남도,충청북도 충주시 문화동,3207,4582,2023-05-31-07:30
5,zi@hanmail.net,1996-09-22,1996,남자,전라남도,충청북도 충주시 문화동,2566,3665,2023-05-31-08:00
5,zi@hanmail.net,1996-09-22,1996,남자,전라남도,충청북도 충주시 문화동,3326,4752,2023-05-31-08:30
5,zi@hanmail.net,1996-09-22,1996,남자,전라남도,충청북도 충주시 문화동,2498,3569,2023-05-31-09:00
5,zi@hanmail.net,1996-09-22,1996,남자,전라남도,충청북도 충주시 문화동,1386,1980,2023-05-31-09:30
5,zi@hanmail.net,1996-09-22,1996,남자,전라남도,충청북도 충주시 문화동,2475,3535,2023-05-31-10:00
5,zi@hanmail.net,1996-09-22,1996,남자,전라남도,충청북도 충주시 문화동,2519,3599,2023-05-31-10:30
5,zi@hanmail.net,1996-09-22,1996,남자,전라남도,충청북도 충주시 문화동,1130,1614,2023-05-31-11:00
5,zi@hanmail.net,1996-09-22,1996,남자,전라남도,충청북도 충주시 문화동,585,836,2023-05-31-11:30
5,zi@hanmail.net,1996-09-22,1996,남자,전라남도,충청북도 충주시 문화동,1582,2260,2023-05-31-12:00
5,zi@hanmail.net,1996-09-22,1996,남자,전라남도,충청북도 충주시 문화동,868,1240,2023-05-31-12:30
5,zi@hanmail.net,1996-09-22,1996,남자,전라남도,충청북도 충주시 문화동,1270,1814,2023-05-31-13:00
5,zi@hanmail.net,1996-09-22,1996,남자,전라남도,충청북도 충주시 문화동,1656,2366,2023-05-31-13:30
5,zi@hanmail.net,1996-09-22,1996,남자,전라남도,충청북도 충주시 문화동,1894,2706,2023-05-31-14:00
5,zi@hanmail.net,1996-09-22,1996,남자,전라남도,충청북도 충주시 문화동,2987,4267,2023-05-31-14:30
5,zi@hanmail.net,1996-09-22,1996,남자,전라남도,충청북도 충주시 문화동,1541,2201,2023-05-31-15:00
5,zi@hanmail.net,1996-09-22,1996,남자,전라남도,충청북도 충주시 문화동,1008,1440,2023-05-31-15:30
5,zi@hanmail.net,1996-09-22,1996,남자,전라남도,충청북도 충주시 문화동,1983,2833,2023-05-31-16:00
5,zi@hanmail.net,1996-09-22,1996,남자,전라남도,충청북도 충주시 문화동,1121,1601,2023-05-31-16:30
5,zi@hanmail.net,1996-09-22,1996,남자,전라남도,충청북도 충주시 문화동,2496,3566,2023-05-31-17:00
5,zi@hanmail.net,1996-09-22,1996,남자,전라남도,충청북도 충주시 문화동,2626,3752,2023-05-31-17:30
5,zi@hanmail.net,1996-09-22,1996,남자,전라남도,충청북도 충주시 문화동,2439,3484,2023-05-31-18:00
5,zi@hanmail.net,1996-09-22,1996,남자,전라남도,충청북도 충주시 문화동,3433,4904,2023-05-31-18:30
5,zi@hanmail.net,1996-09-22,1996,남자,전라남도,충청북도 충주시 문화동,1154,1649,2023-05-31-19:00
5,zi@hanmail.net,1996-09-22,1996,남자,전라남도,충청북도 충주시 문화동,655,935,2023-05-31-19:30
5,zi@hanmail.net,1996-09-22,1996,남자,전라남도,충청북도 충주시 문화동,2916,4166,2023-05-31-20:00
5,zi@hanmail.net,1996-09-22,1996,남자,전라남도,충청북도 충주시 문화동,3155,4507,2023-05-31-20:30
5,zi@hanmail.net,1996-09-22,1996,남자,전라남도,충청북도 충주시 문화동,1910,2728,2023-05-31-21:00
5,zi@hanmail.net,1996-09-22,1996,남자,전라남도,충청북도 충주시 문화동,1071,1530,2023-05-31-21:30
5,zi@hanmail.net,1996-09-22,1996,남자,전라남도,충청북도 충주시 문화동,1002,1431,2023-05-31-22:00
5,zi@hanmail.net,1996-09-22,1996,남자,전라남도,충청북도 충주시 문화동,1360,1943,2023-05-31-22:30
5,zi@hanmail.net,1996-09-22,1996,남자,전라남도,충청북도 충주시 문화동,2467,3524,2023-05-31-23:00
5,zi@hanmail.net,1996-09-22,1996,남자,전라남도,충청북도 충주시 문화동,569,813,2023-05-31-23:30
6,baedoyun@gmail.com,1984-11-05,1984,여자,경기도,경상남도 창원시 성주동,419,599,2023-05-31-00:00
6,baedoyun@gmail.com,1984-11-05,1984,여자,경기도,경상남도 창원시 성주동,601,859,2023-05-31-00:30
6,baedoyun@gmail.com,1984-11-05,1984,여자,경기도,경상남도 창원시 성주동,2827,4038,2023-05-31-01:00
6,baedoyun@gmail.com,1984-11-05,1984,여자,경기도,경상남도 창원시 성주동,867,1238,2023-05-31-01:30
6,baedoyun@gmail.com,1984-11-05,1984,여자,경기도,경상남도 창원시 성주동,644,920,2023-05-31-02:00
6,baedoyun@gmail.com,1984-11-05,1984,여자,경기도,경상남도 창원시 성주동,2879,4113,2023-05-31-02:30
6,baedoyun@gmail.com,1984-11-05,1984,여자,경기도,경상남도 창원시 성주동,2608,3725,2023-05-31-03:00
6,baedoyun@gmail.com,1984-11-05,1984,여자,경기도,경상남도 창원시 성주동,3289,4699,2023-05-31-03:30
6,baedoyun@gmail.com,1984-11-05,1984,여자,경기도,경상남도 창원시 성주동,1984,2834,2023-05-31-04:00
6,baedoyun@gmail.com,1984-11-05,1984,여자,경기도,경상남도 창원시 성주동,581,830,2023-05-31-04:30
6,baedoyun@gmail.com,1984-11-05,1984,여자,경기도,경상남도 창원시 성주동,1035,1479,2023-05-31-05:00
6,baedoyun@gmail.com,1984-11-05,1984,여자,경기도,경상남도 창원시 성주동,2370,3385,2023-05-31-05:30
6,baedoyun@gmail.com,1984-11-05,1984,여자,경기도,경상남도 창원시 성주동,938,1340,2023-05-31-06:00
6,baedoyun@gmail.com,1984-11-05,1984,여자,경기도,경상남도 창원시 성주동,2001,2858,2023-05-31-06:30
6,baedoyun@gmail.com,1984-11-05,1984,여자,경기도,경상남도 창원시 성주동,1462,2089,2023-05-31-07:00
6,baedoyun@gmail.com,1984-11-05,1984,여자,경기도,경상남도 창원시 성주동,3466,4951,2023-05-31-07:30
6,baedoyun@gmail.com,1984-11-05,1984,여자,경기도,경상남도 창원시 성주동,967,1381,2023-05-31-08:00
6,baedoyun@gmail.com,1984-11-05,1984,여자,경기도,경상남도 창원시 성주동,2204,3149,2023-05-31-08:30
6,baedoyun@gmail.com,1984-11-05,1984,여자,경기도,경상남도 창원시 성주동,3043,4347,2023-05-31-09:00
6,baedoyun@gmail.com,1984-11-05,1984,여자,경기도,경상남도 창원시 성주동,410,585,2023-05-31-09:30
6,baedoyun@gmail.com,1984-11-05,1984,여자,경기도,경상남도 창원시 성주동,3056,4365,2023-05-31-10:00
6,baedoyun@gmail.com,1984-11-05,1984,여자,경기도,경상남도 창원시 성주동,1840,2629,2023-05-31-10:30
6,baedoyun@gmail.com,1984-11-05,1984,여자,경기도,경상남도 창원시 성주동,2918,4169,2023-05-31-11:00
6,baedoyun@gmail.com,1984-11-05,1984,여자,경기도,경상남도 창원시 성주동,2165,3093,2023-05-31-11:30
6,baedoyun@gmail.com,1984-11-05,1984,여자,경기도,경상남도 창원시 성주동,3073,4390,2023-05-31-12:00
6,baedoyun@gmail.com,1984-11-05,1984,여자,경기도,경상남도 창원시 성주동,2889,4127,2023-05-31-12:30
6,baedoyun@gmail.com,1984-11-05,1984,여자,경기도,경상남도 창원시 성주동,782,1117,2023-05-31-13:00
6,baedoyun@gmail.com,1984-11-05,1984,여자,경기도,경상남도 창원시 성주동,2402,3431,2023-05-31-13:30
6,baedoyun@gmail.com,1984-11-05,1984,여자,경기도,경상남도 창원시 성주동,1810,2586,2023-05-31-14:00
6,baedoyun@gmail.com,1984-11-05,1984,여자,경기도,경상남도 창원시 성주동,1020,1457,2023-05-31-14:30
6,baedoyun@gmail.com,1984-11-05,1984,여자,경기도,경상남도 창원시 성주동,3305,4722,2023-05-31-15:00
6,baedoyun@gmail.com,1984-11-05,1984,여자,경기도,경상남도 창원시 성주동,417,596,2023-05-31-15:30
6,baedoyun@gmail.com,1984-11-05,1984,여자,경기도,경상남도 창원시 성주동,703,1004,2023-05-31-16:00
6,baedoyun@gmail.com,1984-11-05,1984,여자,경기도,경상남도 창원시 성주동,3413,4876,2023-05-31-16:30
6,baedoyun@gmail.com,1984-11-05,1984,여자,경기도,경상남도 창원시 성주동,3639,5199,2023-05-31-17:00
6,baedoyun@gmail.com,1984-11-05,1984,여자,경기도,경상남도 창원시 성주동,1469,2099,2023-05-31-17:30
6,baedoyun@gmail.com,1984-11-05,1984,여자,경기도,경상남도 창원시 성주동,3408,4868,2023-05-31-18:00
6,baedoyun@gmail.com,1984-11-05,1984,여자,경기도,경상남도 창원시 성주동,3698,5283,2023-05-31-18:30
6,baedoyun@gmail.com,1984-11-05,1984,여자,경기도,경상남도 창원시 성주동,3327,4753,2023-05-31-19:00
6,baedoyun@gmail.com,1984-11-05,1984,여자,경기도,경상남도 창원시 성주동,1980,2829,2023-05-31-19:30
6,baedoyun@gmail.com,1984-11-05,1984,여자,경기도,경상남도 창원시 성주동,2205,3150,2023-05-31-20:00
6,baedoyun@gmail.com,1984-11-05,1984,여자,경기도,경상남도 창원시 성주동,2822,4031,2023-05-31-20:30
6,baedoyun@gmail.com,1984-11-05,1984,여자,경기도,경상남도 창원시 성주동,2114,3020,2023-05-31-21:00
6,baedoyun@gmail.com,1984-11-05,1984,여자,경기도,경상남도 창원시 성주동,3770,5386,2023-05-31-21:30
6,baedoyun@gmail.com,1984-11-05,1984,여자,경기도,경상남도 창원시 성주동,1689,2413,2023-05-31-22:00
6,baedoyun@gmail.com,1984-11-05,1984,여자,경기도,경상남도 창원시 성주동,729,1041,2023-05-31-22:30
6,baedoyun@gmail.com,1984-11-05,1984,여자,경기도,경상남도 창원시 성주동,3123,4462,2023-05-31-23:00
6,baedoyun@gmail.com,1984-11-05,1984,여자,경기도,경상남도 창원시 성주동,1441,2058,2023-05-31-23:30
7,simjunyeong@hanmail.net,1960-03-11,1960,남자,서울특별시,서울특별시 강남구 신사동,3554,5077,2023-05-31-00:00
7,simjunyeong@hanmail.net,1960-03-11,1960,남자,서울특별시,서울특별시 강남구 신사동,518,740,2023-05-31-00:30
7,simjunyeong@hanmail.net,1960-03-11,1960,남자,서울특별시,서울특별시 강남구 신사동,1780,2543,2023-05-31-01:00
7,simjunyeong@hanmail.net,1960-03-11,1960,남자,서울특별시,서울특별시 강남구 신사동,2167,3096,2023-05-31-01:30
7,simjunyeong@hanmail.net,1960-03-11,1960,남자,서울특별시,서울특별시 강남구 신사동,3317,4739,2023-05-31-02:00
7,simjunyeong@hanmail.net,1960-03-11,1960,남자,서울특별시,서울특별시 강남구 신사동,2113,3019,2023-05-31-02:30
7,simjunyeong@hanmail.net,1960-03-11,1960,남자,서울특별시,서울특별시 강남구 신사동,800,1143,2023-05-31-03:00
7,simjunyeong@hanmail.net,1960-03-11,1960,남자,서울특별시,서울특별시 강남구 신사동,1091,1558,2023-05-31-03:30
7,simjunyeong@hanmail.net,1960-03-11,1960,남자,서울특별시,서울특별시 강남구 신사동,2715,3878,2023-05-31-04:00
7,simjunyeong@hanmail.net,1960-03-11,1960,남자,서울특별시,서울특별시 강남구 신사동,2694,3848,2023-05-31-04:30
7,simjunyeong@hanmail.net,1960-03-11,1960,남자,서울특별시,서울특별시 강남구 신사동,618,883,2023-05-31-05:00
7,simjunyeong@hanmail.net,1960-03-11,1960,남자,서울특별시,서울특별시 강남구 신사동,2811,4016,2023-05-31-05:30
7,simjunyeong@hanmail.net,1960-03-11,1960,남자,서울특별시,서울특별시 강남구 신사동,525,750,2023-05-31-06:00
7,simjunyeong@hanmail.net,1960-03-11,1960,남자,서울특별시,서울특별시 강남구 신사동,2860,4085,2023-05-31-06:30
7,simjunyeong@hanmail.net,1960-03-11,1960,남자,서울특별시,서울특별시 강남구 신사동,1840,2629,2023-05-31-07:00
7,simjunyeong@hanmail.net,1960-03-11,1960,남자,서울특별시,서울특별시 강남구 신사동,3189,4556,2023-05-31-07:30
7,simjunyeong@hanmail.net,1960-03-11,1960,남자,서울특별시,서울특별시 강남구 신사동,822,1174,2023-05-31-08:00
7,simjunyeong@hanmail.net,1960-03-11,1960,남자,서울특별시,서울특별시 강남구 신사동,2218,3168,2023-05-31-08:30
7,simjunyeong@hanmail.net,1960-03-11,1960,남자,서울특별시,서울특별시 강남구 신사동,2302,3288,2023-05-31-09:00
7,simjunyeong@hanmail.net,1960-03-11,1960,남자,서울특별시,서울특별시 강남구 신사동,932,1331,2023-05-31-09:30
7,simjunyeong@hanmail.net,1960-03-11,1960,남자,서울특별시,서울특별시 강남구 신사동,1282,1831,2023-05-31-10:00
7,simjunyeong@hanmail.net,1960-03-11,1960,남자,서울특별시,서울특별시 강남구 신사동,910,1300,2023-05-31-10:30
7,simjunyeong@hanmail.net,1960-03-11,1960,남자,서울특별시,서울특별시 강남구 신사동,2182,3117,2023-05-31-11:00
7,simjunyeong@hanmail.net,1960-03-11,1960,남자,서울특별시,서울특별시 강남구 신사동,2082,2974,2023-05-31-11:30
7,simjunyeong@hanmail.net,1960-03-11,1960,남자,서울특별시,서울특별시 강남구 신사동,2433,3475,2023-05-31-12:00
7,simjunyeong@hanmail.net,1960-03-11,1960,남자,서울특별시,서울특별시 강남구 신사동,3035,4335,2023-05-31-12:30
7,simjunyeong@hanmail.net,1960-03-11,1960,남자,서울특별시,서울특별시 강남구 신사동,3605,5150,2023-05-31-13:00
7,simjunyeong@hanmail.net,1960-03-11,1960,남자,서울특별시,서울특별시 강남구 신사동,2482,3545,2023-05-31-13:30
7,simjunyeong@hanmail.net,1960-03-11,1960,남자,서울특별시,서울특별시 강남구 신사동,2106,3008,2023-05-31-14:00
7,simjunyeong@hanmail.net,1960-03-11,1960,남자,서울특별시,서울특별시 강남구 신사동,3270,4672,2023-05-31-14:30
7,simjunyeong@hanmail.net,1960-03-11,1960,남자,서울특별시,서울특별시 강남구 신사동,1969,2813,2023-05-31-15:00
7,simjunyeong@hanmail.net,1960-03-11,1960,남자,서울특별시,서울특별시 강남구 신사동,1520,2171,2023-05-31-15:30
7,simjunyeong@hanmail.net,1960-03-11,1960,남자,서울특별시,서울특별시 강남구 신사동,529,755,2023-05-31-16:00
7,simjunyeong@hanmail.net,1960-03-11,1960,남자,서울특별시,서울특별시 강남구 신사동,1622,2317,2023-05-31-16:30
7,simjunyeong@hanmail.net,1960-03-11,1960,남자,서울특별시,서울특별시 강남구 신사동,2923,4176,2023-05-31-17:00
7,simjunyeong@hanmail.net,1960-03-11,1960,남자,서울특별시,서울특별시 강남구 신사동,3881,5544,2023-05-31-17:30
7,simjunyeong@hanmail.net,1960-03-11,1960,남자,서울특별시,서울특별시 강남구 신사동,573,818,2023-05-31-18:00
7,simjunyeong@hanmail.net,1960-03-11,1960,남자,서울특별시,서울특별시 강남구 신사동,3241,4630,2023-05-31-18:30
7,simjunyeong@hanmail.net,1960-03-11,1960,남자,서울특별시,서울특별시 강남구 신사동,1240,1772,2023-05-31-19:00
7,simjunyeong@hanmail.net,1960-03-11,1960,남자,서울특별시,서울특별시 강남구 신사동,1128,1612,2023-05-31-19:30
7,simjunyeong@hanmail.net,1960-03-11,1960,남자,서울특별시,서울특별시 강남구 신사동,3679,5256,2023-05-31-20:00
7,simjunyeong@hanmail.net,1960-03-11,1960,남자,서울특별시,서울특별시 강남구 신사동,2428,3468,2023-05-31-20:30
7,simjunyeong@hanmail.net,1960-03-11,1960,남자,서울특별시,서울특별시 강남구 신사동,556,794,2023-05-31-21:00
7,simjunyeong@hanmail.net,1960-03-11,1960,남자,서울특별시,서울특별시 강남구 신사동,1992,2846,2023-05-31-21:30
7,simjunyeong@hanmail.net,1960-03-11,1960,남자,서울특별시,서울특별시 강남구 신사동,2449,3498,2023-05-31-22:00
7,simjunyeong@hanmail.net,1960-03-11,1960,남자,서울특별시,서울특별시 강남구 신사동,2293,3275,2023-05-31-22:30
7,simjunyeong@hanmail.net,1960-03-11,1960,남자,서울특별시,서울특별시 강남구 신사동,1016,1451,2023-05-31-23:00
7,simjunyeong@hanmail.net,1960-03-11,1960,남자,서울특별시,서울특별시 강남구 신사동,2106,3009,2023-05-31-23:30
8,hseo@hanmail.net,1977-04-18,1977,여자,제주도,제주도 서귀포시 중문동,3815,5450,2023-05-31-00:00
8,hseo@hanmail.net,1977-04-18,1977,여자,제주도,제주도 서귀포시 중문동,689,984,2023-05-31-00:30
8,hseo@hanmail.net,1977-04-18,1977,여자,제주도,제주도 서귀포시 중문동,1676,2394,2023-05-31-01:00
8,hseo@hanmail.net,1977-04-18,1977,여자,제주도,제주도 서귀포시 중문동,3547,5067,2023-05-31-01:30
8,hseo@hanmail.net,1977-04-18,1977,여자,제주도,제주도 서귀포시 중문동,1287,1838,2023-05-31-02:00
8,hseo@hanmail.net,1977-04-18,1977,여자,제주도,제주도 서귀포시 중문동,3241,4630,2023-05-31-02:30
8,hseo@hanmail.net,1977-04-18,1977,여자,제주도,제주도 서귀포시 중문동,1166,1666,2023-05-31-03:00
8,hseo@hanmail.net,1977-04-18,1977,여자,제주도,제주도 서귀포시 중문동,1777,2539,2023-05-31-03:30
8,hseo@hanmail.net,1977-04-18,1977,여자,제주도,제주도 서귀포시 중문동,3781,5402,2023-05-31-04:00
8,hseo@hanmail.net,1977-04-18,1977,여자,제주도,제주도 서귀포시 중문동,1823,2604,2023-05-31-04:30
8,hseo@hanmail.net,1977-04-18,1977,여자,제주도,제주도 서귀포시 중문동,2240,3200,2023-05-31-05:00
8,hseo@hanmail.net,1977-04-18,1977,여자,제주도,제주도 서귀포시 중문동,2024,2891,2023-05-31-05:30
8,hseo@hanmail.net,1977-04-18,1977,여자,제주도,제주도 서귀포시 중문동,1224,1749,2023-05-31-06:00
8,hseo@hanmail.net,1977-04-18,1977,여자,제주도,제주도 서귀포시 중문동,1653,2362,2023-05-31-06:30
8,hseo@hanmail.net,1977-04-18,1977,여자,제주도,제주도 서귀포시 중문동,2577,3682,2023-05-31-07:00
8,hseo@hanmail.net,1977-04-18,1977,여자,제주도,제주도 서귀포시 중문동,1966,2808,2023-05-31-07:30
8,hseo@hanmail.net,1977-04-18,1977,여자,제주도,제주도 서귀포시 중문동,1943,2776,2023-05-31-08:00
8,hseo@hanmail.net,1977-04-18,1977,여자,제주도,제주도 서귀포시 중문동,2300,3285,2023-05-31-08:30
8,hseo@hanmail.net,1977-04-18,1977,여자,제주도,제주도 서귀포시 중문동,3048,4354,2023-05-31-09:00
8,hseo@hanmail.net,1977-04-18,1977,여자,제주도,제주도 서귀포시 중문동,629,899,2023-05-31-09:30
8,hseo@hanmail.net,1977-04-18,1977,여자,제주도,제주도 서귀포시 중문동,3314,4734,2023-05-31-10:00
8,hseo@hanmail.net,1977-04-18,1977,여자,제주도,제주도 서귀포시 중문동,2188,3125,2023-05-31-10:30
8,hseo@hanmail.net,1977-04-18,1977,여자,제주도,제주도 서귀포시 중문동,2991,4273,2023-05-31-11:00
8,hseo@hanmail.net,1977-04-18,1977,여자,제주도,제주도 서귀포시 중문동,1999,2856,2023-05-31-11:30
8,hseo@hanmail.net,1977-04-18,1977,여자,제주도,제주도 서귀포시 중문동,1078,1540,2023-05-31-12:00
8,hseo@hanmail.net,1977-04-18,1977,여자,제주도,제주도 서귀포시 중문동,3735,5336,2023-05-31-12:30
8,hseo@hanmail.net,1977-04-18,1977,여자,제주도,제주도 서귀포시 중문동,3732,5331,2023-05-31-13:00
8,hseo@hanmail.net,1977-04-18,1977,여자,제주도,제주도 서귀포시 중문동,1944,2777,2023-05-31-13:30
8,hseo@hanmail.net,1977-04-18,1977,여자,제주도,제주도 서귀포시 중문동,775,1107,2023-05-31-14:00
8,hseo@hanmail.net,1977-04-18,1977,여자,제주도,제주도 서귀포시 중문동,1796,2565,2023-05-31-14:30
8,hseo@hanmail.net,1977-04-18,1977,여자,제주도,제주도 서귀포시 중문동,3395,4850,2023-05-31-15:00
8,hseo@hanmail.net,1977-04-18,1977,여자,제주도,제주도 서귀포시 중문동,1369,1956,2023-05-31-15:30
8,hseo@hanmail.net,1977-04-18,1977,여자,제주도,제주도 서귀포시 중문동,3392,4846,2023-05-31-16:00
8,hseo@hanmail.net,1977-04-18,1977,여자,제주도,제주도 서귀포시 중문동,1494,2134,2023-05-31-16:30
8,hseo@hanmail.net,1977-04-18,1977,여자,제주도,제주도 서귀포시 중문동,652,931,2023-05-31-17:00
8,hseo@hanmail.net,1977-04-18,1977,여자,제주도,제주도 서귀포시 중문동,1654,2363,2023-05-31-17:30
8,hseo@hanmail.net,1977-04-18,1977,여자,제주도,제주도 서귀포시 중문동,658,940,2023-05-31-18:00
8,hseo@hanmail.net,1977-04-18,1977,여자,제주도,제주도 서귀포시 중문동,2908,4154,2023-05-31-18:30
8,hseo@hanmail.net,1977-04-18,1977,여자,제주도,제주도 서귀포시 중문동,1036,1480,2023-05-31-19:00
8,hseo@hanmail.net,1977-04-18,1977,여자,제주도,제주도 서귀포시 중문동,2773,3962,2023-05-31-19:30
8,hseo@hanmail.net,1977-04-18,1977,여자,제주도,제주도 서귀포시 중문동,1268,1811,2023-05-31-20:00
8,hseo@hanmail.net,1977-04-18,1977,여자,제주도,제주도 서귀포시 중문동,1918,2740,2023-05-31-20:30
8,hseo@hanmail.net,1977-04-18,1977,여자,제주도,제주도 서귀포시 중문동,1885,2693,2023-05-31-21:00
8,hseo@hanmail.net,1977-04-18,1977,여자,제주도,제주도 서귀포시 중문동,3545,5064,2023-05-31-21:30
8,hseo@hanmail.net,1977-04-18,1977,여자,제주도,제주도 서귀포시 중문동,1104,1577,2023-05-31-22:00
8,hseo@hanmail.net,1977-04-18,1977,여자,제주도,제주도 서귀포시 중문동,2804,4005,2023-05-31-22:30
8,hseo@hanmail.net,1977-04-18,1977,여자,제주도,제주도 서귀포시 중문동,3696,5280,2023-05-31-23:00
8,hseo@hanmail.net,1977-04-18,1977,여자,제주도,제주도 서귀포시 중문동,2746,3923,2023-05-31-23:30
9,jsim@hanmail.net,1982-10-27,1982,남자,충청남도,제주도 서귀포시 중문동,1164,1663,2023-05-31-00:00
9,jsim@hanmail.net,1982-10-27,1982,남자,충청남도,제주도 서귀포시 중문동,2147,3067,2023-05-31-00:30
9,jsim@hanmail.net,1982-10-27,1982,남자,충청남도,제주도 서귀포시 중문동,3388,4840,2023-05-31-01:00
9,jsim@hanmail.net,1982-10-27,1982,남자,충청남도,제주도 서귀포시 중문동,1048,1497,2023-05-31-01:30
9,jsim@hanmail.net,1982-10-27,1982,남자,충청남도,제주도 서귀포시 중문동,3441,4915,2023-05-31-02:00
9,jsim@hanmail.net,1982-10-27,1982,남자,충청남도,제주도 서귀포시 중문동,939,1342,2023-05-31-02:30
9,jsim@hanmail.net,1982-10-27,1982,남자,충청남도,제주도 서귀포시 중문동,1888,2697,2023-05-31-03:00
9,jsim@hanmail.net,1982-10-27,1982,남자,충청남도,제주도 서귀포시 중문동,3203,4575,2023-05-31-03:30
9,jsim@hanmail.net,1982-10-27,1982,남자,충청남도,제주도 서귀포시 중문동,1049,1498,2023-05-31-04:00
9,jsim@hanmail.net,1982-10-27,1982,남자,충청남도,제주도 서귀포시 중문동,862,1231,2023-05-31-04:30
9,jsim@hanmail.net,1982-10-27,1982,남자,충청남도,제주도 서귀포시 중문동,1894,2705,2023-05-31-05:00
9,jsim@hanmail.net,1982-10-27,1982,남자,충청남도,제주도 서귀포시 중문동,3719,5313,2023-05-31-05:30
9,jsim@hanmail.net,1982-10-27,1982,남자,충청남도,제주도 서귀포시 중문동,2587,3696,2023-05-31-06:00
9,jsim@hanmail.net,1982-10-27,1982,남자,충청남도,제주도 서귀포시 중문동,3544,5063,2023-05-31-06:30
9,jsim@hanmail.net,1982-10-27,1982,남자,충청남도,제주도 서귀포시 중문동,1688,2411,2023-05-31-07:00
9,jsim@hanmail.net,1982-10-27,1982,남자,충청남도,제주도 서귀포시 중문동,512,731,2023-05-31-07:30
9,jsim@hanmail.net,1982-10-27,1982,남자,충청남도,제주도 서귀포시 중문동,1131,1615,2023-05-31-08:00
9,jsim@hanmail.net,1982-10-27,1982,남자,충청남도,제주도 서귀포시 중문동,3426,4894,2023-05-31-08:30
9,jsim@hanmail.net,1982-10-27,1982,남자,충청남도,제주도 서귀포시 중문동,1089,1556,2023-05-31-09:00
9,jsim@hanmail.net,1982-10-27,1982,남자,충청남도,제주도 서귀포시 중문동,3683,5261,2023-05-31-09:30
9,jsim@hanmail.net,1982-10-27,1982,남자,충청남도,제주도 서귀포시 중문동,1116,1594,2023-05-31-10:00
9,jsim@hanmail.net,1982-10-27,1982,남자,충청남도,제주도 서귀포시 중문동,660,943,2023-05-31-10:30
9,jsim@hanmail.net,1982-10-27,1982,남자,충청남도,제주도 서귀포시 중문동,588,840,2023-05-31-11:00
9,jsim@hanmail.net,1982-10-27,1982,남자,충청남도,제주도 서귀포시 중문동,553,790,2023-05-31-11:30
9,jsim@hanmail.net,1982-10-27,1982,남자,충청남도,제주도 서귀포시 중문동,1048,1497,2023-05-31-12:00
9,jsim@hanmail.net,1982-10-27,1982,남자,충청남도,제주도 서귀포시 중문동,1273,1818,2023-05-31-12:30
9,jsim@hanmail.net,1982-10-27,1982,남자,충청남도,제주도 서귀포시 중문동,2514,3591,2023-05-31-13:00
9,jsim@hanmail.net,1982-10-27,1982,남자,충청남도,제주도 서귀포시 중문동,3744,5349,2023-05-31-13:30
9,jsim@hanmail.net,1982-10-27,1982,남자,충청남도,제주도 서귀포시 중문동,2673,3818,2023-05-31-14:00
9,jsim@hanmail.net,1982-10-27,1982,남자,충청남도,제주도 서귀포시 중문동,1176,1680,2023-05-31-14:30
9,jsim@hanmail.net,1982-10-27,1982,남자,충청남도,제주도 서귀포시 중문동,1328,1897,2023-05-31-15:00
9,jsim@hanmail.net,1982-10-27,1982,남자,충청남도,제주도 서귀포시 중문동,2302,3288,2023-05-31-15:30
9,jsim@hanmail.net,1982-10-27,1982,남자,충청남도,제주도 서귀포시 중문동,2131,3044,2023-05-31-16:00
9,jsim@hanmail.net,1982-10-27,1982,남자,충청남도,제주도 서귀포시 중문동,3018,4311,2023-05-31-16:30
9,jsim@hanmail.net,1982-10-27,1982,남자,충청남도,제주도 서귀포시 중문동,1390,1986,2023-05-31-17:00
9,jsim@hanmail.net,1982-10-27,1982,남자,충청남도,제주도 서귀포시 중문동,1034,1477,2023-05-31-17:30
9,jsim@hanmail.net,1982-10-27,1982,남자,충청남도,제주도 서귀포시 중문동,1537,2196,2023-05-31-18:00
9,jsim@hanmail.net,1982-10-27,1982,남자,충청남도,제주도 서귀포시 중문동,2717,3881,2023-05-31-18:30
9,jsim@hanmail.net,1982-10-27,1982,남자,충청남도,제주도 서귀포시 중문동,3697,5282,2023-05-31-19:00
9,jsim@hanmail.net,1982-10-27,1982,남자,충청남도,제주도 서귀포시 중문동,2214,3163,2023-05-31-19:30
9,jsim@hanmail.net,1982-10-27,1982,남자,충청남도,제주도 서귀포시 중문동,639,913,2023-05-31-20:00
9,jsim@hanmail.net,1982-10-27,1982,남자,충청남도,제주도 서귀포시 중문동,1135,1621,2023-05-31-20:30
9,jsim@hanmail.net,1982-10-27,1982,남자,충청남도,제주도 서귀포시 중문동,3482,4974,2023-05-31-21:00
9,jsim@hanmail.net,1982-10-27,1982,남자,충청남도,제주도 서귀포시 중문동,2139,3055,2023-05-31-21:30
9,jsim@hanmail.net,1982-10-27,1982,남자,충청남도,제주도 서귀포시 중문동,3361,4802,2023-05-31-22:00
9,jsim@hanmail.net,1982-10-27,1982,남자,충청남도,제주도 서귀포시 중문동,1433,2047,2023-05-31-22:30
9,jsim@hanmail.net,1982-10-27,1982,남자,충청남도,제주도 서귀포시 중문동,2174,3105,2023-05-31-23:00
9,jsim@hanmail.net,1982-10-27,1982,남자,충청남도,제주도 서귀포시 중문동,944,1348,2023-05-31-23:30
10,yeongsig37@naver.com,2001-10-04,2001,남자,제주도,제주도 서귀포시 중문동,3116,4451,2023-05-31-00:00
10,yeongsig37@naver.com,2001-10-04,2001,남자,제주도,제주도 서귀포시 중문동,1394,1992,2023-05-31-00:30
10,yeongsig37@naver.com,2001-10-04,2001,남자,제주도,제주도 서귀포시 중문동,3042,4345,2023-05-31-01:00
10,yeongsig37@naver.com,2001-10-04,2001,남자,제주도,제주도 서귀포시 중문동,3870,5529,2023-05-31-01:30
10,yeongsig37@naver.com,2001-10-04,2001,남자,제주도,제주도 서귀포시 중문동,2163,3090,2023-05-31-02:00
10,yeongsig37@naver.com,2001-10-04,2001,남자,제주도,제주도 서귀포시 중문동,1652,2360,2023-05-31-02:30
10,yeongsig37@naver.com,2001-10-04,2001,남자,제주도,제주도 서귀포시 중문동,576,823,2023-05-31-03:00
10,yeongsig37@naver.com,2001-10-04,2001,남자,제주도,제주도 서귀포시 중문동,2146,3066,2023-05-31-03:30
10,yeongsig37@naver.com,2001-10-04,2001,남자,제주도,제주도 서귀포시 중문동,2015,2879,2023-05-31-04:00
10,yeongsig37@naver.com,2001-10-04,2001,남자,제주도,제주도 서귀포시 중문동,645,922,2023-05-31-04:30
10,yeongsig37@naver.com,2001-10-04,2001,남자,제주도,제주도 서귀포시 중문동,1757,2510,2023-05-31-05:00
10,yeongsig37@naver.com,2001-10-04,2001,남자,제주도,제주도 서귀포시 중문동,2650,3785,2023-05-31-05:30
10,yeongsig37@naver.com,2001-10-04,2001,남자,제주도,제주도 서귀포시 중문동,1847,2639,2023-05-31-06:00
10,yeongsig37@naver.com,2001-10-04,2001,남자,제주도,제주도 서귀포시 중문동,522,745,2023-05-31-06:30
10,yeongsig37@naver.com,2001-10-04,2001,남자,제주도,제주도 서귀포시 중문동,3280,4685,2023-05-31-07:00
10,yeongsig37@naver.com,2001-10-04,2001,남자,제주도,제주도 서귀포시 중문동,539,770,2023-05-31-07:30
10,yeongsig37@naver.com,2001-10-04,2001,남자,제주도,제주도 서귀포시 중문동,2608,3725,2023-05-31-08:00
10,yeongsig37@naver.com,2001-10-04,2001,남자,제주도,제주도 서귀포시 중문동,1635,2335,2023-05-31-08:30
10,yeongsig37@naver.com,2001-10-04,2001,남자,제주도,제주도 서귀포시 중문동,3833,5475,2023-05-31-09:00
10,yeongsig37@naver.com,2001-10-04,2001,남자,제주도,제주도 서귀포시 중문동,741,1058,2023-05-31-09:30
10,yeongsig37@naver.com,2001-10-04,2001,남자,제주도,제주도 서귀포시 중문동,2240,3200,2023-05-31-10:00
10,yeongsig37@naver.com,2001-10-04,2001,남자,제주도,제주도 서귀포시 중문동,3763,5375,2023-05-31-10:30
10,yeongsig37@naver.com,2001-10-04,2001,남자,제주도,제주도 서귀포시 중문동,1128,1612,2023-05-31-11:00
10,yeongsig37@naver.com,2001-10-04,2001,남자,제주도,제주도 서귀포시 중문동,489,698,2023-05-31-11:30
10,yeongsig37@naver.com,2001-10-04,2001,남자,제주도,제주도 서귀포시 중문동,3449,4927,2023-05-31-12:00
10,yeongsig37@naver.com,2001-10-04,2001,남자,제주도,제주도 서귀포시 중문동,2379,3399,2023-05-31-12:30
10,yeongsig37@naver.com,2001-10-04,2001,남자,제주도,제주도 서귀포시 중문동,3257,4653,2023-05-31-13:00
10,yeongsig37@naver.com,2001-10-04,2001,남자,제주도,제주도 서귀포시 중문동,1765,2522,2023-05-31-13:30
10,yeongsig37@naver.com,2001-10-04,2001,남자,제주도,제주도 서귀포시 중문동,1056,1509,2023-05-31-14:00
10,yeongsig37@naver.com,2001-10-04,2001,남자,제주도,제주도 서귀포시 중문동,1608,2297,2023-05-31-14:30
10,yeongsig37@naver.com,2001-10-04,2001,남자,제주도,제주도 서귀포시 중문동,609,870,2023-05-31-15:00
10,yeongsig37@naver.com,2001-10-04,2001,남자,제주도,제주도 서귀포시 중문동,2153,3076,2023-05-31-15:30
10,yeongsig37@naver.com,2001-10-04,2001,남자,제주도,제주도 서귀포시 중문동,1841,2630,2023-05-31-16:00
10,yeongsig37@naver.com,2001-10-04,2001,남자,제주도,제주도 서귀포시 중문동,904,1292,2023-05-31-16:30
10,yeongsig37@naver.com,2001-10-04,2001,남자,제주도,제주도 서귀포시 중문동,2394,3420,2023-05-31-17:00
10,yeongsig37@naver.com,2001-10-04,2001,남자,제주도,제주도 서귀포시 중문동,2383,3404,2023-05-31-17:30
10,yeongsig37@naver.com,2001-10-04,2001,남자,제주도,제주도 서귀포시 중문동,3000,4286,2023-05-31-18:00
10,yeongsig37@naver.com,2001-10-04,2001,남자,제주도,제주도 서귀포시 중문동,1131,1616,2023-05-31-18:30
10,yeongsig37@naver.com,2001-10-04,2001,남자,제주도,제주도 서귀포시 중문동,606,865,2023-05-31-19:00
10,yeongsig37@naver.com,2001-10-04,2001,남자,제주도,제주도 서귀포시 중문동,1924,2749,2023-05-31-19:30
10,yeongsig37@naver.com,2001-10-04,2001,남자,제주도,제주도 서귀포시 중문동,3499,4998,2023-05-31-20:00
10,yeongsig37@naver.com,2001-10-04,2001,남자,제주도,제주도 서귀포시 중문동,2069,2955,2023-05-31-20:30
10,yeongsig37@naver.com,2001-10-04,2001,남자,제주도,제주도 서귀포시 중문동,2876,4108,2023-05-31-21:00
10,yeongsig37@naver.com,2001-10-04,2001,남자,제주도,제주도 서귀포시 중문동,2045,2921,2023-05-31-21:30
10,yeongsig37@naver.com,2001-10-04,2001,남자,제주도,제주도 서귀포시 중문동,2202,3146,2023-05-31-22:00
10,yeongsig37@naver.com,2001-10-04,2001,남자,제주도,제주도 서귀포시 중문동,3173,4533,2023-05-31-22:30
10,yeongsig37@naver.com,2001-10-04,2001,남자,제주도,제주도 서귀포시 중문동,955,1364,2023-05-31-23:00
10,yeongsig37@naver.com,2001-10-04,2001,남자,제주도,제주도 서귀포시 중문동,2640,3771,2023-05-31-23:30
